code,org,section,enrollmentCapacity,actualEnrolment,deliveryMode
ANT100Y1,ANT,Y,1030,30,ONLSYNC
ANT193H1,ANT,S,12,0,CLASS
ANT193H1,ANT,S,13,0,ONLSYNC
ANT194H1,ANT,F,25,0,ONLSYNC
ANT199H1,ANT,F,10,0,CLASS
ANT199H1,ANT,F,15,0,ONLSYNC
ANT253H1,ANT,F,500,330,ONLASYNC
FAH102H1,FAR,F,201,8,ONLASYNC
FAH102H1,FAR,S,220,2,ONLASYNC
FAH194H1,FAR,F,24,0,ONLSYNC
FAH196H1,FAR,S,10,0,CLASS
FAH196H1,FAR,S,15,0,ONLSYNC
FAH198H1,FAR,S,5,0,CLASS
FAH198H1,FAR,S,20,0,ONLSYNC
AST101H1,AST,F,1650,903,ONLASYNC
AST199H1,AST,F,12,0,CLASS
AST199H1,AST,F,12,0,ONLSYNC
AST199H1,AST,S,5,0,CLASS
AST199H1,AST,S,19,0,ONLSYNC
AST201H1,AST,S,1650,944,ONLASYNC
BIO130H1,CSB,S,218,10,CLASS
BIO130H1,CSB,S,79,2,CLASS
BIO130H1,CSB,S,321,7,ONLSYNC
BIO130H1,CSB,S,1106,219,ONLSYNC
CSB196H1,CSB,S,10,0,CLASS
CSB196H1,CSB,S,15,0,ONLSYNC
CSB197H1,CSB,S,11,0,CLASS
CSB197H1,CSB,S,14,0,ONLSYNC
CSB199H1,CSB,F,25,0,ONLSYNC
CHM135H1,CHM,F,300,12,ONLSYNC
CHM135H1,CHM,F,300,130,ONLSYNC
CHM135H1,CHM,F,300,93,ONLSYNC
CHM135H1,CHM,F,300,0,ONLSYNC
CHM135H1,CHM,F,300,0,ONLSYNC
CHM135H1,CHM,S,48,1,CLASS
CHM135H1,CHM,S,192,0,ONLSYNC
CHM136H1,CHM,S,300,90,ONLSYNC
CHM136H1,CHM,S,300,99,ONLSYNC
CHM136H1,CHM,S,300,6,ONLSYNC
CHM136H1,CHM,S,300,57,ONLSYNC
CHM136H1,CHM,S,300,5,ONLSYNC
CHM151Y1,CHM,Y,144,6,ONLSYNC
CHM194H1,CHM,S,7,0,CLASS
CHM194H1,CHM,S,23,0,ONLSYNC
CHM198H1,CHM,S,9,0,CLASS
CHM198H1,CHM,S,21,0,ONLSYNC
CHM199H1,CHM,S,10,0,CLASS
CHM199H1,CHM,S,20,0,ONLSYNC
CIN196H1,CINE,F,20,0,ONLSYNC
CLA196H1,CLAS,S,10,0,CLASS
CLA196H1,CLAS,S,10,0,ONLSYNC
CLA197H1,CLAS,F,20,0,ONLSYNC
CLA198H1,CLAS,S,8,0,CLASS
CLA198H1,CLAS,S,12,0,ONLSYNC
CLA199H1,CLAS,F,16,0,CLASS
CLA199H1,CLAS,F,4,0,ONLSYNC
CSC104H1,CSC,F,240,0,ONLSYNC
CSC104H1,CSC,F,240,1,ONLSYNC
CSC104H1,CSC,S,28,0,CLASS
CSC104H1,CSC,S,24,0,CLASS
CSC104H1,CSC,S,32,0,CLASS
CSC104H1,CSC,S,168,1,ONLSYNC
CSC104H1,CSC,S,172,0,ONLSYNC
CSC104H1,CSC,S,164,1,ONLSYNC
CSC165H1,CSC,S,196,10,ONLSYNC
CSC165H1,CSC,S,196,11,ONLSYNC
CSC165H1,CSC,S,196,1,ONLSYNC
CSC165H1,CSC,S,196,3,ONLSYNC
CSC165H1,CSC,S,196,9,ONLSYNC
CSC165H1,CSC,S,196,1,ONLSYNC
CSC196H1,CSC,F,12,0,CLASS
CSC196H1,CSC,F,18,0,ONLSYNC
CSC197H1,CSC,F,9,0,CLASS
CSC197H1,CSC,F,21,0,ONLSYNC
CSC197H1,CSC,S,12,0,CLASS
CSC197H1,CSC,S,18,0,ONLSYNC
CSC199H1,CSC,F,30,0,ONLSYNC
DRM101Y1,DRAMA,Y,148,19,ONLSYNC
JEG100H1,GGR,S,26,0,CLASS
JEG100H1,GGR,S,124,0,ONLSYNC
ESS103H1,ES,F,300,1,ONLASYNC
ESS104H1,ES,S,300,0,ONLASYNC
ESS105H1,ES,S,250,0,ONLASYNC
ESS196H1,ES,F,10,0,CLASS
ESS196H1,ES,F,15,0,ONLSYNC
ESS199H1,ES,S,10,0,CLASS
ESS199H1,ES,S,15,0,ONLSYNC
EAS100Y1,EAS,Y,75,4,ONLSYNC
EAS101Y1,EAS,Y,60,16,ONLSYNC
EAS103H1,EAS,F,325,122,ONLASYNC
EAS105H1,EAS,S,33,14,CLASS
EAS105H1,EAS,S,217,97,ONLSYNC
EAS110Y1,EAS,Y,50,15,ONLASYNC
EAS110Y1,EAS,Y,50,15,ONLASYNC
EAS110Y1,EAS,Y,30,10,ONLSYNC
EAS110Y1,EAS,Y,30,10,ONLSYNC
EAS120Y1,EAS,Y,50,15,ONLASYNC
EAS120Y1,EAS,Y,50,15,ONLASYNC
EAS120Y1,EAS,Y,50,15,ONLASYNC
EAS120Y1,EAS,Y,50,15,ONLASYNC
EAS120Y1,EAS,Y,50,15,ONLASYNC
EAS120Y1,EAS,Y,50,15,ONLASYNC
EAS194H1,EAS,S,4,0,CLASS
EAS194H1,EAS,S,21,0,ONLSYNC
EAS195H1,EAS,S,10,0,CLASS
EAS195H1,EAS,S,15,0,ONLSYNC
EAS197H1,EAS,F,16,0,CLASS
EAS197H1,EAS,F,9,0,ONLSYNC
EAS199H1,EAS,F,25,0,ONLSYNC
EAS211Y1,EAS,Y,30,10,ONLSYNC
BIO120H1,EEB,F,1389,221,ONLASYNC
EEB197H1,EEB,S,5,0,CLASS
EEB197H1,EEB,S,13,0,ONLSYNC
EEB198H1,EEB,S,8,0,CLASS
EEB198H1,EEB,S,16,0,ONLSYNC
EEB199H1,EEB,F,24,0,ONLSYNC
EEB199H1,EEB,S,6,0,CLASS
EEB199H1,EEB,S,18,0,ONLSYNC
ECO101H1,ECO,F,500,107,ONLASYNC
ECO101H1,ECO,F,600,571,ONLASYNC
ECO101H1,ECO,F,500,5,ONLASYNC
ECO101H1,ECO,F,600,571,ONLASYNC
ECO101H1,ECO,F,500,0,ONLASYNC
ECO101H1,ECO,F,420,1,ONLASYNC
ECO101H1,ECO,S,400,0,ONLASYNC
ECO101H1,ECO,S,400,0,ONLASYNC
ECO102H1,ECO,S,115,8,CLASS
ECO102H1,ECO,S,115,2,CLASS
ECO102H1,ECO,S,115,6,CLASS
ECO102H1,ECO,S,79,2,CLASS
ECO102H1,ECO,S,771,87,ONLASYNC
ECO102H1,ECO,S,1170,1116,ONLASYNC
ECO105Y1,ECO,Y,500,12,ONLSYNC
ECO105Y1,ECO,Y,425,4,ONLSYNC
IRE199H1,IRE,F,25,0,ONLSYNC
ENG100H1,ENG,F,200,2,ONLSYNC
ENG100H1,ENG,S,200,1,ONLSYNC
ENG102H1,ENG,F,120,1,ONLASYNC
ENG140Y1,ENG,Y,440,22,ONLSYNC
ENG150Y1,ENG,Y,200,1,ONLSYNC
ENG196H1,ENG,F,24,0,ONLSYNC
ENG197H1,ENG,F,24,0,ONLSYNC
ENG198H1,ENG,S,5,0,CLASS
ENG198H1,ENG,S,19,0,ONLSYNC
ENV198H1,ENVMT,S,8,0,CLASS
ENV198H1,ENVMT,S,17,0,ONLSYNC
ENV199H1,ENVMT,S,10,0,CLASS
ENV199H1,ENVMT,S,15,0,ONLSYNC
FSL121Y1,FRE,Y,60,4,ONLSYNC
FSL121Y1,FRE,Y,32,4,CLASS
FSL121Y1,FRE,Y,28,10,ONLSYNC
FCS194H1,FRE,F,23,0,CLASS
FCS194H1,FRE,F,2,0,ONLSYNC
FCS196H1,FRE,S,6,0,CLASS
FCS196H1,FRE,S,19,0,ONLSYNC
FCS197H1,FRE,S,5,0,CLASS
FCS197H1,FRE,S,20,0,ONLSYNC
FRE245H1,FRE,F,20,10,CLASS
FRE245H1,FRE,F,70,13,ONLSYNC
JEG100H1,GGR,S,26,0,CLASS
JEG100H1,GGR,S,124,0,ONLSYNC
GGR101H1,GGR,F,300,4,ONLASYNC
GGR107H1,GGR,F,300,0,ONLSYNC
GGR112H1,GGR,S,30,1,CLASS
GGR112H1,GGR,S,158,3,ONLSYNC
GGR124H1,GGR,F,80,25,ONLASYNC
GGR124H1,GGR,F,120,1,ONLASYNC
GGR124H1,GGR,S,380,7,ONLASYNC
GGR197H1,GGR,F,25,0,ONLSYNC
GGR198H1,GGR,F,9,0,CLASS
GGR198H1,GGR,F,16,0,ONLSYNC
GGR199H1,GGR,S,6,0,CLASS
GGR199H1,GGR,S,19,1,ONLSYNC
GER100Y1,GER,Y,30,0,ONLSYNC
GER100Y1,GER,Y,30,0,ONLSYNC
GER100Y1,GER,Y,30,0,ONLSYNC
GER100Y1,GER,Y,30,1,ONLSYNC
GER100Y1,GER,Y,30,0,ONLSYNC
GER100Y1,GER,Y,30,0,ONLSYNC
GER100Y1,GER,Y,30,0,ONLSYNC
GER100Y1,GER,Y,30,1,ONLSYNC
GER194H1,GER,F,20,0,ONLSYNC
GER195H1,GER,S,10,0,CLASS
GER195H1,GER,S,15,0,ONLSYNC
HIS101Y1,HIS,Y,198,3,ONLSYNC
HIS103Y1,HIS,Y,320,30,ONLSYNC
HIS108Y1,HIS,Y,160,0,ONLASYNC
HIS110Y1,HIS,Y,160,1,ONLASYNC
HIS192H1,HIS,F,10,0,CLASS
HIS192H1,HIS,F,15,0,ONLSYNC
HIS194H1,HIS,F,25,0,ONLSYNC
HIS195H1,HIS,S,9,0,CLASS
HIS195H1,HIS,S,16,0,ONLSYNC
HIS196H1,HIS,S,6,0,CLASS
HIS196H1,HIS,S,19,0,ONLSYNC
INI100H1,INNIS,F,25,0,ONLSYNC
INI101H1,INNIS,S,5,0,CLASS
INI101H1,INNIS,S,20,0,ONLSYNC
INI102H1,INNIS,S,12,0,CLASS
INI102H1,INNIS,S,13,0,ONLSYNC
INI106H1,INNIS,F,12,0,CLASS
INI106H1,INNIS,F,13,0,ONLSYNC
INI196H1,INNIS,S,5,0,CLASS
INI196H1,INNIS,S,20,0,ONLSYNC
ITA197H1,ITA,S,5,0,CLASS
ITA197H1,ITA,S,20,0,ONLSYNC
ITA198H1,ITA,F,13,0,CLASS
ITA198H1,ITA,F,12,0,ONLSYNC
ITA198H1,ITA,S,6,0,CLASS
ITA198H1,ITA,S,19,0,ONLSYNC
ITA199H1,ITA,F,13,0,CLASS
ITA199H1,ITA,F,12,0,ONLSYNC
LIN195H1,LIN,S,10,0,CLASS
LIN195H1,LIN,S,15,0,ONLSYNC
LIN196H1,LIN,F,15,0,CLASS
LIN196H1,LIN,F,10,0,ONLSYNC
LIN198H1,LIN,F,17,0,CLASS
LIN198H1,LIN,F,8,0,ONLSYNC
LIN199H1,LIN,S,8,0,CLASS
LIN199H1,LIN,S,17,0,ONLSYNC
MAT133Y1,MAT,Y,24,21,CLASS
MAT133Y1,MAT,Y,24,22,CLASS
MAT133Y1,MAT,Y,28,28,CLASS
MAT133Y1,MAT,Y,55,52,CLASS
MAT133Y1,MAT,Y,32,29,CLASS
MAT133Y1,MAT,Y,45,35,CLASS
MAT133Y1,MAT,Y,208,176,ONLSYNC
MAT133Y1,MAT,Y,195,102,ONLSYNC
MAT133Y1,MAT,Y,216,194,ONLSYNC
MAT133Y1,MAT,Y,216,123,ONLSYNC
MAT133Y1,MAT,Y,212,123,ONLSYNC
MAT133Y1,MAT,Y,185,162,ONLSYNC
MAT135H1,MAT,F,400,120,ONLSYNC
MAT135H1,MAT,F,400,105,ONLSYNC
MAT135H1,MAT,F,400,0,ONLSYNC
MAT135H1,MAT,F,400,0,ONLSYNC
MAT135H1,MAT,F,400,1,ONLSYNC
MAT135H1,MAT,F,400,1,ONLSYNC
MAT135H1,MAT,F,400,4,ONLSYNC
MAT135H1,MAT,S,24,0,CLASS
MAT135H1,MAT,S,48,0,CLASS
MAT135H1,MAT,S,123,0,CLASS
MAT135H1,MAT,S,202,0,ONLSYNC
MAT135H1,MAT,S,73,0,ONLSYNC
MAT135H1,MAT,S,172,0,ONLSYNC
MAT136H1,MAT,F,195,3,ONLSYNC
MAT136H1,MAT,F,130,4,ONLSYNC
MAT136H1,MAT,S,200,126,ONLSYNC
MAT136H1,MAT,S,210,1,ONLSYNC
MAT136H1,MAT,S,210,0,ONLSYNC
MAT136H1,MAT,S,210,61,ONLSYNC
MAT136H1,MAT,S,210,28,ONLSYNC
MAT136H1,MAT,S,160,0,ONLSYNC
MAT136H1,MAT,S,210,0,ONLSYNC
MAT136H1,MAT,S,210,0,ONLSYNC
MAT136H1,MAT,S,210,0,ONLSYNC
MAT136H1,MAT,S,208,3,ONLSYNC
MAT136H1,MAT,S,210,1,ONLSYNC
MAT136H1,MAT,S,210,3,ONLSYNC
MAT137Y1,MAT,Y,200,58,ONLSYNC
MAT137Y1,MAT,Y,48,2,CLASS
MAT137Y1,MAT,Y,200,49,ONLSYNC
MAT137Y1,MAT,Y,48,3,CLASS
MAT137Y1,MAT,Y,200,1,ONLSYNC
MAT137Y1,MAT,Y,219,0,ONLSYNC
MAT137Y1,MAT,Y,200,0,ONLSYNC
MAT137Y1,MAT,Y,200,6,ONLSYNC
MAT193H1,MAT,S,6,0,CLASS
MAT193H1,MAT,S,0,0,CLASS
MAT193H1,MAT,S,19,0,ONLSYNC
MAT193H1,MAT,S,25,0,ONLSYNC
MAT198H1,MAT,F,12,0,CLASS
MAT198H1,MAT,F,13,0,ONLSYNC
MAT198H1,MAT,S,5,0,CLASS
MAT198H1,MAT,S,20,0,ONLSYNC
MAT223H1,MAT,F,240,165,ONLSYNC
MAT223H1,MAT,F,196,71,ONLSYNC
MAT223H1,MAT,F,196,16,ONLSYNC
MAT223H1,MAT,F,196,30,ONLSYNC
MAT223H1,MAT,F,156,22,ONLSYNC
MAT223H1,MAT,F,196,35,ONLSYNC
MAT223H1,MAT,F,156,25,ONLSYNC
MAT223H1,MAT,F,196,23,ONLSYNC
MAT223H1,MAT,S,18,10,CLASS
MAT223H1,MAT,S,28,2,CLASS
MAT223H1,MAT,S,18,13,CLASS
MAT223H1,MAT,S,0,0,CLASS
MAT223H1,MAT,S,28,4,CLASS
MAT223H1,MAT,S,23,4,CLASS
MAT223H1,MAT,S,14,3,CLASS
MAT223H1,MAT,S,86,12,ONLSYNC
MAT223H1,MAT,S,90,18,ONLSYNC
MAT223H1,MAT,S,168,3,ONLSYNC
MAT223H1,MAT,S,90,12,ONLSYNC
MAT223H1,MAT,S,196,13,ONLSYNC
MAT223H1,MAT,S,160,6,ONLSYNC
MAT223H1,MAT,S,107,3,ONLSYNC
MAT224H1,MAT,F,196,196,ONLSYNC
MAT224H1,MAT,F,195,83,ONLSYNC
MAT224H1,MAT,F,196,68,ONLSYNC
MAT224H1,MAT,S,23,9,CLASS
MAT224H1,MAT,S,32,23,CLASS
MAT224H1,MAT,S,24,7,CLASS
MAT224H1,MAT,S,28,1,CLASS
MAT224H1,MAT,S,25,6,CLASS
MAT224H1,MAT,S,28,4,CLASS
MAT224H1,MAT,S,152,33,ONLSYNC
MAT224H1,MAT,S,104,18,ONLSYNC
MAT224H1,MAT,S,118,48,ONLSYNC
MAT224H1,MAT,S,76,9,ONLSYNC
MAT224H1,MAT,S,168,39,ONLSYNC
MAT224H1,MAT,S,102,12,ONLSYNC
MAT240H1,MAT,F,350,84,ONLSYNC
MAT247H1,MAT,S,23,15,CLASS
MAT247H1,MAT,S,173,47,ONLSYNC
NMC195H1,NMC,F,12,0,CLASS
NMC195H1,NMC,F,1,0,ONLSYNC
NMC196H1,NMC,S,6,0,CLASS
NMC196H1,NMC,S,18,0,ONLSYNC
NMC198H1,NMC,S,25,0,ONLSYNC
NMC199H1,NMC,S,9,0,CLASS
NMC199H1,NMC,S,16,0,ONLSYNC
NEW106H1,NEW,F,8,0,CLASS
NEW106H1,NEW,F,17,0,ONLSYNC
NEW111H1,NEW,F,8,0,CLASS
NEW111H1,NEW,F,17,0,ONLSYNC
NEW112H1,NEW,F,7,0,CLASS
NEW112H1,NEW,F,18,0,ONLSYNC
NEW113H1,NEW,S,7,0,CLASS
NEW113H1,NEW,S,18,0,ONLSYNC
NEW114H1,NEW,S,9,0,CLASS
NEW114H1,NEW,S,16,0,ONLSYNC
NEW198H1,NEW,S,24,0,ONLSYNC
NEW199H1,NEW,F,24,0,ONLSYNC
MUN101H1,GLAF,F,26,0,CLASS
MUN101H1,GLAF,F,26,0,ONLSYNC
MUN102H1,GLAF,S,11,0,CLASS
MUN102H1,GLAF,S,29,0,ONLSYNC
MUN105Y1,GLAF,Y,17,0,CLASS
MUN105Y1,GLAF,Y,31,0,ONLSYNC
PCL102H1,PCL,S,500,4,ONLSYNC
PHL100Y1,PHL,Y,300,32,ONLASYNC
PHL101Y1,PHL,Y,500,8,ONLSYNC
PHL196H1,PHL,S,9,0,CLASS
PHL196H1,PHL,S,11,0,ONLSYNC
PHL198H1,PHL,F,10,0,CLASS
PHL198H1,PHL,F,10,0,ONLSYNC
PHL199H1,PHL,F,20,0,ONLSYNC
PHY196H1,PHY,F,7,0,CLASS
PHY196H1,PHY,F,23,0,ONLSYNC
PHY197H1,PHY,F,8,0,CLASS
PHY197H1,PHY,F,22,0,ONLSYNC
PHY198H1,PHY,S,8,0,CLASS
PHY198H1,PHY,S,22,0,ONLSYNC
PHY199H1,PHY,S,8,0,CLASS
PHY199H1,PHY,S,22,0,ONLSYNC
PSL190H1,PSL,S,12,0,CLASS
PSL190H1,PSL,S,18,0,ONLSYNC
POL193H1,POL,F,16,0,CLASS
POL193H1,POL,F,9,0,ONLSYNC
POL195H1,POL,F,25,0,ONLSYNC
POL196H1,POL,F,13,0,CLASS
POL196H1,POL,F,12,0,ONLSYNC
POL197H1,POL,S,7,0,CLASS
POL197H1,POL,S,18,0,ONLSYNC
PSY100H1,PSY,F,1500,64,ONLASYNC
PSY100H1,PSY,S,1500,4,ONLASYNC
PSY100H1,PSY,S,500,2,ONLASYNC
PSY195H1,PSY,S,6,0,CLASS
PSY195H1,PSY,S,19,0,ONLSYNC
PSY196H1,PSY,S,8,0,CLASS
PSY196H1,PSY,S,17,0,ONLSYNC
PSY197H1,PSY,S,25,0,ONLSYNC
PSY198H1,PSY,S,0,0,CLASS
PSY198H1,PSY,S,25,0,ONLSYNC
PSY199H1,PSY,F,9,0,CLASS
PSY199H1,PSY,F,6,0,ONLSYNC
RLG197H1,RLG,F,13,0,CLASS
RLG197H1,RLG,F,12,0,ONLSYNC
RLG197H1,RLG,S,10,0,CLASS
RLG197H1,RLG,S,15,0,ONLSYNC
RLG198H1,RLG,F,25,0,ONLSYNC
RLG198H1,RLG,S,10,0,CLASS
RLG198H1,RLG,S,15,0,ONLSYNC
RSM100H1,COMPG,F,390,388,ONLSYNC
RSM100H1,COMPG,F,390,371,ONLSYNC
RSM100H1,COMPG,F,390,368,ONLSYNC
RSM100H1,COMPG,S,19,0,CLASS
RSM100H1,COMPG,S,81,0,ONLSYNC
RSM219H1,COMPG,F,83,75,ONLSYNC
RSM219H1,COMPG,F,83,74,ONLSYNC
RSM219H1,COMPG,F,83,76,ONLSYNC
RSM219H1,COMPG,F,83,78,ONLSYNC
RSM219H1,COMPG,F,83,74,ONLSYNC
RSM219H1,COMPG,F,13,2,CLASS
RSM219H1,COMPG,F,13,3,CLASS
RSM219H1,COMPG,F,83,79,ONLSYNC
RSM219H1,COMPG,F,83,55,ONLSYNC
RSM219H1,COMPG,F,83,72,ONLSYNC
RSM219H1,COMPG,S,16,0,CLASS
RSM219H1,COMPG,S,25,0,CLASS
RSM219H1,COMPG,S,12,1,CLASS
RSM219H1,COMPG,S,15,0,CLASS
RSM219H1,COMPG,S,13,1,CLASS
RSM219H1,COMPG,S,21,0,CLASS
RSM219H1,COMPG,S,15,0,CLASS
RSM219H1,COMPG,S,83,72,ONLSYNC
RSM219H1,COMPG,S,83,67,ONLSYNC
RSM219H1,COMPG,S,83,70,ONLSYNC
RSM219H1,COMPG,S,83,70,ONLSYNC
RSM219H1,COMPG,S,83,72,ONLSYNC
RSM219H1,COMPG,S,83,73,ONLSYNC
RSM219H1,COMPG,S,83,71,ONLSYNC
RSM230H1,COMPG,S,45,0,CLASS
RSM230H1,COMPG,S,72,0,CLASS
RSM230H1,COMPG,S,48,1,CLASS
RSM230H1,COMPG,S,390,377,ONLSYNC
RSM230H1,COMPG,S,390,349,ONLSYNC
RSM230H1,COMPG,S,390,372,ONLSYNC
RSM250H1,COMPG,F,83,80,ONLSYNC
RSM250H1,COMPG,F,83,83,ONLSYNC
RSM250H1,COMPG,F,83,67,ONLSYNC
RSM250H1,COMPG,F,84,75,ONLSYNC
RSM250H1,COMPG,F,83,69,ONLSYNC
RSM250H1,COMPG,F,83,74,ONLSYNC
RSM250H1,COMPG,S,13,0,CLASS
RSM250H1,COMPG,S,15,5,CLASS
RSM250H1,COMPG,S,15,1,CLASS
RSM250H1,COMPG,S,14,1,CLASS
RSM250H1,COMPG,S,13,0,CLASS
RSM250H1,COMPG,S,13,1,CLASS
RSM250H1,COMPG,S,15,0,CLASS
RSM250H1,COMPG,S,13,0,CLASS
RSM250H1,COMPG,S,13,0,CLASS
RSM250H1,COMPG,S,83,78,ONLSYNC
RSM250H1,COMPG,S,83,72,ONLSYNC
RSM250H1,COMPG,S,83,77,ONLSYNC
RSM250H1,COMPG,S,83,75,ONLSYNC
RSM250H1,COMPG,S,83,73,ONLSYNC
RSM250H1,COMPG,S,83,71,ONLSYNC
RSM250H1,COMPG,S,83,74,ONLSYNC
RSM250H1,COMPG,S,84,74,ONLSYNC
RSM250H1,COMPG,S,83,74,ONLSYNC
SDS199H1,SDST,F,13,0,CLASS
SDS199H1,SDST,F,12,0,ONLSYNC
SLA196H1,SLA,F,8,0,CLASS
SLA196H1,SLA,F,17,0,ONLSYNC
SLA199H1,SLA,F,3,0,CLASS
SOC196H1,SOC,S,12,0,CLASS
SOC196H1,SOC,S,13,0,ONLSYNC
SOC197H1,SOC,S,10,0,CLASS
SOC197H1,SOC,S,20,0,ONLSYNC
SOC199Y1,SOC,Y,16,0,CLASS
SOC199Y1,SOC,Y,14,0,ONLSYNC
SAS114H1,SAS,F,16,1,CLASS
SAS114H1,SAS,F,32,6,ONLSYNC
SPA100Y1,SPA,Y,75,1,ONLSYNC
SPA100Y1,SPA,Y,75,2,ONLSYNC
SPA100Y1,SPA,Y,75,0,ONLSYNC
SPA100Y1,SPA,Y,75,0,ONLSYNC
SPA100Y1,SPA,Y,75,0,ONLSYNC
SPA100Y1,SPA,Y,75,0,ONLSYNC
SPA100Y1,SPA,Y,75,0,ONLSYNC
SPA100Y1,SPA,Y,75,0,ONLSYNC
SPA195H1,SPA,S,16,0,CLASS
SPA195H1,SPA,S,9,0,ONLSYNC
SPA197H1,SPA,S,12,0,CLASS
SPA197H1,SPA,S,13,0,ONLSYNC
SMC195H1,SMC,S,4,0,CLASS
SMC195H1,SMC,S,21,0,ONLSYNC
SMC197H1,SMC,F,15,0,CLASS
SMC197H1,SMC,F,10,0,ONLSYNC
SMC198H1,SMC,F,25,0,ONLASYNC
CSC199H1,CSC,F,30,0,ONLSYNC
SMC199H1,SMC,F,25,0,ONLSYNC
STA130H1,STAT,F,288,60,ONLSYNC
STA130H1,STAT,F,288,12,ONLSYNC
STA130H1,STAT,S,288,6,ONLSYNC
STA130H1,STAT,S,288,7,ONLSYNC
STA198H1,STAT,F,25,0,ONLSYNC
ACT199H1,STAT,S,12,0,CLASS
ACT199H1,STAT,S,13,0,ONLSYNC
TRN191H1,TRIN,S,6,0,CLASS
TRN191H1,TRIN,S,19,0,ONLSYNC
TRN192H1,TRIN,S,9,0,CLASS
TRN192H1,TRIN,S,16,0,ONLSYNC
TRN193H1,TRIN,F,10,0,CLASS
TRN193H1,TRIN,F,15,0,ONLSYNC
TRN194H1,TRIN,S,5,0,CLASS
TRN194H1,TRIN,S,20,0,ONLSYNC
TRN195H1,TRIN,F,9,0,CLASS
TRN195H1,TRIN,F,16,0,ONLSYNC
TRN196H1,TRIN,S,9,0,CLASS
TRN196H1,TRIN,S,16,0,ONLSYNC
TRN197H1,TRIN,S,10,0,CLASS
TRN197H1,TRIN,S,20,0,ONLSYNC
TRN198H1,TRIN,F,9,0,CLASS
TRN198H1,TRIN,F,16,0,ONLSYNC
TRN199H1,TRIN,F,10,0,CLASS
TRN199H1,TRIN,F,15,0,ONLSYNC
TRN199H1,TRIN,S,6,0,CLASS
TRN199H1,TRIN,S,24,0,ONLSYNC
UNI101H1,UC,F,15,0,CLASS
UNI101H1,UC,F,15,0,ONLSYNC
UNI101H1,UC,S,10,0,CLASS
UNI101H1,UC,S,20,0,ONLSYNC
UNI102H1,UC,F,23,0,CLASS
UNI102H1,UC,F,7,0,ONLSYNC
UNI102H1,UC,S,12,1,CLASS
UNI102H1,UC,S,18,0,ONLSYNC
UNI103H1,UC,F,12,0,CLASS
UNI103H1,UC,F,18,0,ONLSYNC
UNI103H1,UC,S,7,0,CLASS
UNI103H1,UC,S,23,0,ONLSYNC
UNI104H1,UC,F,18,0,CLASS
UNI104H1,UC,F,12,0,ONLSYNC
UNI104H1,UC,S,7,0,CLASS
UNI104H1,UC,S,23,0,ONLSYNC
CDN197H1,UC,F,15,0,CLASS
CDN197H1,UC,F,15,0,ONLSYNC
UNI197H1,UC,S,7,0,CLASS
UNI197H1,UC,S,23,0,ONLSYNC
CDN198H1,UC,S,9,0,CLASS
CDN198H1,UC,S,21,0,ONLSYNC
UNI198H1,UC,S,7,0,CLASS
UNI198H1,UC,S,23,0,ONLSYNC
CDN199H1,UC,F,22,0,CLASS
CDN199H1,UC,F,8,0,ONLSYNC
UNI199H1,UC,S,6,0,CLASS
UNI199H1,UC,S,19,0,ONLSYNC
COG250Y1,UC,Y,33,33,ONLSYNC
VIC102H1,VIC,F,10,0,CLASS
VIC102H1,VIC,F,15,0,ONLSYNC
VIC106H1,VIC,F,25,0,ONLSYNC
VIC106H1,VIC,S,6,0,CLASS
VIC106H1,VIC,S,19,0,ONLSYNC
VIC108H1,VIC,F,25,0,ONLASYNC
VIC109H1,VIC,S,10,0,CLASS
VIC109H1,VIC,S,15,0,ONLSYNC
VIC110H1,VIC,F,16,0,CLASS
VIC110H1,VIC,F,9,0,ONLSYNC
VIC114H1,VIC,F,10,0,CLASS
VIC114H1,VIC,F,15,0,ONLSYNC
VIC116H1,VIC,F,10,0,CLASS
VIC116H1,VIC,F,15,0,ONLSYNC
VIC117H1,VIC,F,10,0,CLASS
VIC117H1,VIC,F,15,0,ONLSYNC
VIC119H1,VIC,F,10,0,CLASS
VIC119H1,VIC,F,15,0,ONLSYNC
VIC121H1,VIC,F,10,0,CLASS
VIC121H1,VIC,F,15,0,ONLSYNC
VIC122H1,VIC,S,10,0,CLASS
VIC122H1,VIC,S,15,0,ONLSYNC
VIC135H1,VIC,F,20,0,CLASS
VIC135H1,VIC,F,5,0,ONLSYNC
VIC135H1,VIC,S,6,0,CLASS
VIC135H1,VIC,S,19,0,ONLSYNC
VIC136H1,VIC,F,10,0,CLASS
VIC136H1,VIC,F,15,0,ONLSYNC
VIC137H1,VIC,S,11,1,CLASS
VIC137H1,VIC,S,14,0,ONLSYNC
VIC159H1,VIC,F,10,0,CLASS
VIC159H1,VIC,F,15,0,ONLSYNC
VIC159H1,VIC,S,10,0,CLASS
VIC159H1,VIC,S,15,0,ONLSYNC
VIC198H1,VIC,S,10,0,CLASS
VIC198H1,VIC,S,15,0,ONLSYNC
VIC199H1,VIC,S,6,0,CLASS
VIC199H1,VIC,S,19,0,ONLSYNC
WDW151H1,WDW,F,25,0,ONLSYNC
WDW151H1,WDW,F,25,0,ONLSYNC
WDW151H1,WDW,F,24,0,CLASS
WDW151H1,WDW,F,1,0,ONLSYNC
WDW152H1,WDW,S,0,0,CLASS
WDW152H1,WDW,S,0,0,CLASS
WDW152H1,WDW,S,6,0,CLASS
WDW152H1,WDW,S,25,0,ONLSYNC
WDW152H1,WDW,S,25,0,ONLSYNC
WDW152H1,WDW,S,19,0,ONLSYNC
WDW196H1,WDW,F,12,0,CLASS
WDW196H1,WDW,F,13,0,ONLSYNC
WDW199H1,WDW,F,12,0,CLASS
WDW199H1,WDW,F,13,0,ONLSYNC
